nickname,frb_name,frb_z,frb_z_lower,frb_z_upper,redshift_class,frb_redshift_basis,frb_posterior_sha256,frb_posterior_status,frb_ra_deg,frb_dec_deg,coverage_summary,coverage_limitations,query_limitations,census_status,empty_sightline_claim,row_kind,evidence_class,object_id,system_type,final_verdict,system_z,system_z_lower,system_z_upper,candidate_foreground_probability,candidate_science_admitted,candidate_ra_deg,candidate_dec_deg,impact_kpc,mass_msun,radius_kpc,radius_definition,geometry_status,budget_eligible
zach,FRB 20220207C,0.043,0.043,0.043,established,established spectroscopic host redshift,,,310.199525,72.8823272222,CLUSTERS:covered; DESI_DR8_NORTH:not_covered; GLADE+:covered; NED:covered; SDSS_DR12:not_covered,"outside footprint: DESI_DR8_NORTH, SDSS_DR12; footprint evidence incomplete: GLADE+",,established_host_redshift,False,host,host,,,,,,,,False,,,,,,,host_roster,False
whitney,FRB 20220310F,0.479,0.479,0.479,established,established spectroscopic host redshift,,,134.7205,73.4908333333,CLUSTERS:covered; DESI_DR8_NORTH:covered; GLADE+:covered; NED:covered; SDSS_DR12:not_covered,outside footprint: SDSS_DR12; footprint evidence incomplete: GLADE+,,established_host_redshift,False,host,host,,,,,,,,False,,,,,,,host_roster,False
whitney,FRB 20220310F,0.479,0.479,0.479,established,established spectroscopic host redshift,,,134.7205,73.4908333333,CLUSTERS:covered; DESI_DR8_NORTH:covered; GLADE+:covered; NED:covered; SDSS_DR12:not_covered,outside footprint: SDSS_DR12; footprint evidence incomplete: GLADE+,,established_host_redshift,False,system,confirmed_system,1473,halo,confirmed,0.3585,0.3585,0.3585,,True,134.7395241,73.4908099,104.8,276142436070.9615,120.87424885174156,R200c,pass,True
whitney,FRB 20220310F,0.479,0.479,0.479,established,established spectroscopic host redshift,,,134.7205,73.4908333333,CLUSTERS:covered; DESI_DR8_NORTH:covered; GLADE+:covered; NED:covered; SDSS_DR12:not_covered,outside footprint: SDSS_DR12; footprint evidence incomplete: GLADE+,,established_host_redshift,False,system,confirmed_system,"J085546.0+732230, 1160094",cluster,confirmed,0.1277,0.1277,0.1277,,True,133.94167,73.37494,2039.4,64000000000000.0,519.0,R500c_catalog,pass,False
whitney,FRB 20220310F,0.479,0.479,0.479,established,established spectroscopic host redshift,,,134.7205,73.4908333333,CLUSTERS:covered; DESI_DR8_NORTH:covered; GLADE+:covered; NED:covered; SDSS_DR12:not_covered,outside footprint: SDSS_DR12; footprint evidence incomplete: GLADE+,,established_host_redshift,False,system,confirmed_system,"J085531.9+732432, 1159975",cluster,confirmed,0.4023,0.4023,0.4023,,True,133.88272,73.40887,5210.8,90000000000000.0,577.0,R500c_catalog,pass,False
whitney,FRB 20220310F,0.479,0.479,0.479,established,established spectroscopic host redshift,,,134.7205,73.4908333333,CLUSTERS:covered; DESI_DR8_NORTH:covered; GLADE+:covered; NED:covered; SDSS_DR12:not_covered,outside footprint: SDSS_DR12; footprint evidence incomplete: GLADE+,,established_host_redshift,False,system,confirmed_system,"J085808.2+731234, 1161367",cluster,confirmed,0.2572,0.2572,0.2572,,True,134.53415,73.20953,5690.0,56000000000000.01,591.0,R500c_catalog,pass,False
oran,FRB 20220506D,0.3005,0.3005,0.3005,established,established spectroscopic host redshift,,,318.0448333333,72.8272777778,CLUSTERS:covered; DESI_DR8_NORTH:not_covered; GLADE+:covered; NED:covered; SDSS_DR12:not_covered,"outside footprint: DESI_DR8_NORTH, SDSS_DR12; footprint evidence incomplete: GLADE+",,established_host_redshift,False,host,host,,,,,,,,False,,,,,,,host_roster,False
isha,FRB 20221113A,0.2505,0.2505,0.2505,established,established spectroscopic host redshift,,,71.411,70.3073888889,CLUSTERS:covered; DESI_DR8_NORTH:not_covered; GLADE+:covered; NED:covered; SDSS_DR12:not_covered,"outside footprint: DESI_DR8_NORTH, SDSS_DR12; footprint evidence incomplete: GLADE+",,established_host_redshift,False,host,host,,,,,,,,False,,,,,,,host_roster,False
wilhelm,FRB 20221203A,0.5492019,0.410150911,0.70477734,inferred_dm_z,diagnostic coupled DM-redshift posterior; host-rest median 100 pc cm^-3,192c271955e4de0fa21303d927bd899eb62e6b31fa992a91febafaeb2cf369a4,diagnostic_dm_redshift_estimate_not_established_redshift,315.1295416667,72.0375611111,CLUSTERS:covered; DESI_DR8_NORTH:not_covered; GLADE+:covered; NED:covered; SDSS_DR12:not_covered,"outside footprint: DESI_DR8_NORTH, SDSS_DR12; footprint evidence incomplete: GLADE+","exact query receipts missing: CLUSTERS, GLADE+, NED",blocked,False,host,host,,,,,,,,False,,,,,,,host_roster,False
wilhelm,FRB 20221203A,0.5492019,0.410150911,0.70477734,inferred_dm_z,diagnostic coupled DM-redshift posterior; host-rest median 100 pc cm^-3,192c271955e4de0fa21303d927bd899eb62e6b31fa992a91febafaeb2cf369a4,diagnostic_dm_redshift_estimate_not_established_redshift,315.1295416667,72.0375611111,CLUSTERS:covered; DESI_DR8_NORTH:not_covered; GLADE+:covered; NED:covered; SDSS_DR12:not_covered,"outside footprint: DESI_DR8_NORTH, SDSS_DR12; footprint evidence incomplete: GLADE+","exact query receipts missing: CLUSTERS, GLADE+, NED",blocked,False,system,probabilistic_candidate,194453151328186646,halo,inconclusive,,,,,False,315.1329059,72.04657361,232.0,,,,missing_sourced_geometry,False
phineas,FRB 20230307A,0.271,0.271,0.271,established,established spectroscopic host redshift,,,177.7813333333,71.6956388889,CLUSTERS:covered; DESI_DR8_NORTH:covered; GLADE+:covered; NED:covered; SDSS_DR12:covered,footprint evidence incomplete: GLADE+,,established_host_redshift,False,host,host,,,,,,,,False,,,,,,,host_roster,False
phineas,FRB 20230307A,0.271,0.271,0.271,established,established spectroscopic host redshift,,,177.7813333333,71.6956388889,CLUSTERS:covered; DESI_DR8_NORTH:covered; GLADE+:covered; NED:covered; SDSS_DR12:covered,footprint evidence incomplete: GLADE+,,established_host_redshift,False,system,confirmed_system,953,halo,confirmed,0.1991,0.1991,0.1991,,True,177.8314024,71.69336919,242.7,449400078853.2408,151.03980711881184,R200c,pass,True
phineas,FRB 20230307A,0.271,0.271,0.271,established,established spectroscopic host redshift,,,177.7813333333,71.6956388889,CLUSTERS:covered; DESI_DR8_NORTH:covered; GLADE+:covered; NED:covered; SDSS_DR12:covered,footprint evidence incomplete: GLADE+,,established_host_redshift,False,system,confirmed_system,983,halo,confirmed,0.1649,0.1649,0.1649,,True,177.8163208,71.69501131,122.2,112787184570.15146,96.45747262524743,R200c,pass,True
phineas,FRB 20230307A,0.271,0.271,0.271,established,established spectroscopic host redshift,,,177.7813333333,71.6956388889,CLUSTERS:covered; DESI_DR8_NORTH:covered; GLADE+:covered; NED:covered; SDSS_DR12:covered,footprint evidence incomplete: GLADE+,,established_host_redshift,False,system,confirmed_system,194021777634832653,halo,confirmed,0.1925,0.1925,0.1925,,True,177.7635678,71.68486803,130.6,542273443718.04755,161.1874408532471,R200c,pass,True
phineas,FRB 20230307A,0.271,0.271,0.271,established,established spectroscopic host redshift,,,177.7813333333,71.6956388889,CLUSTERS:covered; DESI_DR8_NORTH:covered; GLADE+:covered; NED:covered; SDSS_DR12:covered,footprint evidence incomplete: GLADE+,,established_host_redshift,False,system,confirmed_system,194041777780157594,halo,confirmed,0.2146,0.2146,0.2146,,True,177.7780675,71.70558959,111.8,1707590432605.2102,234.35417571626624,R200c,pass,True
phineas,FRB 20230307A,0.271,0.271,0.271,established,established spectroscopic host redshift,,,177.7813333333,71.6956388889,CLUSTERS:covered; DESI_DR8_NORTH:covered; GLADE+:covered; NED:covered; SDSS_DR12:covered,footprint evidence incomplete: GLADE+,,established_host_redshift,False,system,confirmed_system,194051777813062524,halo,confirmed,0.1096,0.1096,0.1096,,True,177.7811322,71.70977418,101.7,356081744303.46747,144.27622828823223,R200c,pass,True
phineas,FRB 20230307A,0.271,0.271,0.271,established,established spectroscopic host redshift,,,177.7813333333,71.6956388889,CLUSTERS:covered; DESI_DR8_NORTH:covered; GLADE+:covered; NED:covered; SDSS_DR12:covered,footprint evidence incomplete: GLADE+,,established_host_redshift,False,system,confirmed_system,"J115120.4+714435, 1254337",cluster,confirmed,0.2,0.2,0.2,,True,177.83488,71.74319,603.6,148000000000000.0,729.0,R500c_catalog,pass,True
phineas,FRB 20230307A,0.271,0.271,0.271,established,established spectroscopic host redshift,,,177.7813333333,71.6956388889,CLUSTERS:covered; DESI_DR8_NORTH:covered; GLADE+:covered; NED:covered; SDSS_DR12:covered,footprint evidence incomplete: GLADE+,,established_host_redshift,False,system,confirmed_system,"J115128.2+713637, 1254415",cluster,confirmed,0.1916,0.1916,0.1916,,True,177.86761,71.61024,1054.7,186000000000000.0,841.0,R500c_catalog,pass,False
phineas,FRB 20230307A,0.271,0.271,0.271,established,established spectroscopic host redshift,,,177.7813333333,71.6956388889,CLUSTERS:covered; DESI_DR8_NORTH:covered; GLADE+:covered; NED:covered; SDSS_DR12:covered,footprint evidence incomplete: GLADE+,,established_host_redshift,False,system,confirmed_system,"J114944.0+714348, 1253496",cluster,confirmed,0.244,0.244,0.244,,True,177.4332,71.7301,1569.2,52000000000000.0,531.0,R500c_catalog,pass,False
phineas,FRB 20230307A,0.271,0.271,0.271,established,established spectroscopic host redshift,,,177.7813333333,71.6956388889,CLUSTERS:covered; DESI_DR8_NORTH:covered; GLADE+:covered; NED:covered; SDSS_DR12:covered,footprint evidence incomplete: GLADE+,,established_host_redshift,False,system,confirmed_system,"J115140.5+712732, 1254506",cluster,confirmed,0.1758,0.1758,0.1758,,True,177.91873,71.45892,2104.7,93000000000000.0,633.0,R500c_catalog,pass,False
phineas,FRB 20230307A,0.271,0.271,0.271,established,established spectroscopic host redshift,,,177.7813333333,71.6956388889,CLUSTERS:covered; DESI_DR8_NORTH:covered; GLADE+:covered; NED:covered; SDSS_DR12:covered,footprint evidence incomplete: GLADE+,,established_host_redshift,False,system,confirmed_system,"J115400.9+713320, 1255773",cluster,confirmed,0.1549,0.1549,0.1549,,True,178.50381,71.55566,3060.1,51000000000000.0,563.0,R500c_catalog,pass,False
phineas,FRB 20230307A,0.271,0.271,0.271,established,established spectroscopic host redshift,,,177.7813333333,71.6956388889,CLUSTERS:covered; DESI_DR8_NORTH:covered; GLADE+:covered; NED:covered; SDSS_DR12:covered,footprint evidence incomplete: GLADE+,,established_host_redshift,False,system,confirmed_system,"J115031.4+715735, 1253898",cluster,confirmed,0.2696,0.2696,0.2696,,True,177.63068,71.95965,4272.8,125000000000000.0,698.0,R500c_catalog,pass,False
phineas,FRB 20230307A,0.271,0.271,0.271,established,established spectroscopic host redshift,,,177.7813333333,71.6956388889,CLUSTERS:covered; DESI_DR8_NORTH:covered; GLADE+:covered; NED:covered; SDSS_DR12:covered,footprint evidence incomplete: GLADE+,,established_host_redshift,False,system,confirmed_system,"J115436.9+713930, 1256077",cluster,confirmed,0.2628,0.2628,0.2628,,True,178.65378,71.65822,3989.8,47000000000000.0,560.0,R500c_catalog,pass,False
phineas,FRB 20230307A,0.271,0.271,0.271,established,established spectroscopic host redshift,,,177.7813333333,71.6956388889,CLUSTERS:covered; DESI_DR8_NORTH:covered; GLADE+:covered; NED:covered; SDSS_DR12:covered,footprint evidence incomplete: GLADE+,,established_host_redshift,False,system,confirmed_system,"J114928.5+712526, 1253366",cluster,confirmed,-0.0001,-0.0001,-0.0001,,True,177.36887,71.42403,3049.6,,,,invalid_foreground_redshift,False
phineas,FRB 20230307A,0.271,0.271,0.271,established,established spectroscopic host redshift,,,177.7813333333,71.6956388889,CLUSTERS:covered; DESI_DR8_NORTH:covered; GLADE+:covered; NED:covered; SDSS_DR12:covered,footprint evidence incomplete: GLADE+,,established_host_redshift,False,system,confirmed_system,WHL J115048.0+714428,cluster,confirmed,0.1893,0.1893,0.1893,,True,177.69998,71.74124,614.3,,,R500c_catalog,missing_sourced_geometry,False
freya,FRB 20230325C,0.674568551,0.502673828,0.875969193,inferred_dm_z,diagnostic coupled DM-redshift posterior; host-rest median 100 pc cm^-3,192c271955e4de0fa21303d927bd899eb62e6b31fa992a91febafaeb2cf369a4,diagnostic_dm_redshift_estimate_not_established_redshift,88.188,74.2004722222,CLUSTERS:covered; DESI_DR8_NORTH:not_covered; GLADE+:covered; NED:covered; SDSS_DR12:not_covered,"outside footprint: DESI_DR8_NORTH, SDSS_DR12; footprint evidence incomplete: GLADE+","exact query receipts missing: CLUSTERS, GLADE+, NED",blocked,False,host,host,,,,,,,,False,,,,,,,host_roster,False
freya,FRB 20230325C,0.674568551,0.502673828,0.875969193,inferred_dm_z,diagnostic coupled DM-redshift posterior; host-rest median 100 pc cm^-3,192c271955e4de0fa21303d927bd899eb62e6b31fa992a91febafaeb2cf369a4,diagnostic_dm_redshift_estimate_not_established_redshift,88.188,74.2004722222,CLUSTERS:covered; DESI_DR8_NORTH:not_covered; GLADE+:covered; NED:covered; SDSS_DR12:not_covered,"outside footprint: DESI_DR8_NORTH, SDSS_DR12; footprint evidence incomplete: GLADE+","exact query receipts missing: CLUSTERS, GLADE+, NED",blocked,False,system,probabilistic_candidate,197030881733398302,halo,inconclusive,0.3047,0.23670000000000002,0.37270000000000003,0.997266,False,88.1729787,74.19784041,60.1,13018977990494.793,445.8656126627757,R200c,pass,False
freya,FRB 20230325C,0.674568551,0.502673828,0.875969193,inferred_dm_z,diagnostic coupled DM-redshift posterior; host-rest median 100 pc cm^-3,192c271955e4de0fa21303d927bd899eb62e6b31fa992a91febafaeb2cf369a4,diagnostic_dm_redshift_estimate_not_established_redshift,88.188,74.2004722222,CLUSTERS:covered; DESI_DR8_NORTH:not_covered; GLADE+:covered; NED:covered; SDSS_DR12:not_covered,"outside footprint: DESI_DR8_NORTH, SDSS_DR12; footprint evidence incomplete: GLADE+","exact query receipts missing: CLUSTERS, GLADE+, NED",blocked,False,system,probabilistic_candidate,197040882212782495,halo,inconclusive,0.6175,0.49200000000000005,0.7430000000000001,0.612667,False,88.22143337,74.20135627,233.9,2492956128051.4624,226.86812138090824,R200c,pass,False
johndoeii,FRB 20230814B,0.5535,0.5535,0.5535,established,established spectroscopic host redshift,,,335.97475,73.02590556,CLUSTERS:covered; DESI_DR8_NORTH:not_covered; GLADE+:covered; NED:covered; SDSS_DR12:not_covered,"outside footprint: DESI_DR8_NORTH, SDSS_DR12; footprint evidence incomplete: GLADE+",,established_host_redshift,False,host,host,,,,,,,,False,,,,,,,host_roster,False
hamilton,FRB 20230913G,0.3024,0.3024,0.3024,established,established spectroscopic host redshift,,,305.0371666667,70.7927666667,CLUSTERS:covered; DESI_DR8_NORTH:not_covered; GLADE+:covered; NED:covered; SDSS_DR12:not_covered,"outside footprint: DESI_DR8_NORTH, SDSS_DR12; footprint evidence incomplete: GLADE+",,established_host_redshift,False,host,host,,,,,,,,False,,,,,,,host_roster,False
mahi,FRB 20240122A,0.931726883,0.736459784,1.163056,inferred_dm_z,diagnostic coupled DM-redshift posterior; host-rest median 100 pc cm^-3,192c271955e4de0fa21303d927bd899eb62e6b31fa992a91febafaeb2cf369a4,diagnostic_dm_redshift_estimate_not_established_redshift,39.7665,71.0178611111,CLUSTERS:covered; DESI_DR8_NORTH:not_covered; GLADE+:covered; NED:covered; SDSS_DR12:not_covered,"outside footprint: DESI_DR8_NORTH, SDSS_DR12; footprint evidence incomplete: GLADE+","exact query receipts missing: CLUSTERS, GLADE+, NED",blocked,False,host,host,,,,,,,,False,,,,,,,host_roster,False
chromatica,FRB 20240203D,0.074,0.074,0.074,established,established spectroscopic host redshift,,,312.619125,73.9,CLUSTERS:covered; DESI_DR8_NORTH:not_covered; GLADE+:covered; NED:covered; SDSS_DR12:not_covered,"outside footprint: DESI_DR8_NORTH, SDSS_DR12; footprint evidence incomplete: GLADE+",,established_host_redshift,False,host,host,,,,,,,,False,,,,,,,host_roster,False
casey,FRB 20240229A,0.287,0.287,0.287,established,established spectroscopic host redshift,,,169.9835417,70.67622222,CLUSTERS:covered; DESI_DR8_NORTH:covered; GLADE+:covered; NED:covered; SDSS_DR12:not_covered,outside footprint: SDSS_DR12; footprint evidence incomplete: GLADE+,,established_host_redshift,False,host,host,,,,,,,,False,,,,,,,host_roster,False
casey,FRB 20240229A,0.287,0.287,0.287,established,established spectroscopic host redshift,,,169.9835417,70.67622222,CLUSTERS:covered; DESI_DR8_NORTH:covered; GLADE+:covered; NED:covered; SDSS_DR12:not_covered,outside footprint: SDSS_DR12; footprint evidence incomplete: GLADE+,,established_host_redshift,False,system,confirmed_system,192821700026167542,halo,confirmed,0.2028,0.2028,0.2028,,True,170.002558,70.68897047,170.6,7077422410797.027,378.08084187204736,R200c,pass,True
casey,FRB 20240229A,0.287,0.287,0.287,established,established spectroscopic host redshift,,,169.9835417,70.67622222,CLUSTERS:covered; DESI_DR8_NORTH:covered; GLADE+:covered; NED:covered; SDSS_DR12:not_covered,outside footprint: SDSS_DR12; footprint evidence incomplete: GLADE+,,established_host_redshift,False,system,confirmed_system,192831699797402822,halo,confirmed,0.2398,0.2398,0.2398,,True,169.9798302,70.69339484,220.7,5544095092280.866,343.79298770300375,R200c,pass,True
casey,FRB 20240229A,0.287,0.287,0.287,established,established spectroscopic host redshift,,,169.9835417,70.67622222,CLUSTERS:covered; DESI_DR8_NORTH:covered; GLADE+:covered; NED:covered; SDSS_DR12:not_covered,outside footprint: SDSS_DR12; footprint evidence incomplete: GLADE+,,established_host_redshift,False,system,confirmed_system,"J111929.5+705441, 1237905",cluster,confirmed,0.2162,0.2162,0.2162,,True,169.87289,70.91131,3133.0,178000000000000.0,766.0,R500c_catalog,pass,False
casey,FRB 20240229A,0.287,0.287,0.287,established,established spectroscopic host redshift,,,169.9835417,70.67622222,CLUSTERS:covered; DESI_DR8_NORTH:covered; GLADE+:covered; NED:covered; SDSS_DR12:not_covered,outside footprint: SDSS_DR12; footprint evidence incomplete: GLADE+,,established_host_redshift,False,system,confirmed_system,"J112235.5+705438, 1239515",cluster,confirmed,0.2158,0.2158,0.2158,,True,170.6479,70.91058,4284.7,89000000000000.0,543.0,R500c_catalog,pass,False
casey,FRB 20240229A,0.287,0.287,0.287,established,established spectroscopic host redshift,,,169.9835417,70.67622222,CLUSTERS:covered; DESI_DR8_NORTH:covered; GLADE+:covered; NED:covered; SDSS_DR12:not_covered,outside footprint: SDSS_DR12; footprint evidence incomplete: GLADE+,,established_host_redshift,False,system,confirmed_system,"J112350.9+704142, 1240175",cluster,confirmed,0.2133,0.2133,0.2133,,True,170.96191,70.69499,4267.4,209000000000000.0,848.0,R500c_catalog,pass,False
casey,FRB 20240229A,0.287,0.287,0.287,established,established spectroscopic host redshift,,,169.9835417,70.67622222,CLUSTERS:covered; DESI_DR8_NORTH:covered; GLADE+:covered; NED:covered; SDSS_DR12:not_covered,outside footprint: SDSS_DR12; footprint evidence incomplete: GLADE+,,established_host_redshift,False,system,confirmed_system,"J111930.9+702041, 1237924",cluster,confirmed,0.0907,0.0907,0.0907,,True,169.87859,70.34475,3804.0,62000000000000.0,602.0,R500c_catalog,pass,False
